id,first_name,last_name,email,gender,ip_address
1,Gaylord,Hawkyens,ghawkyens0@exblog.jp,Genderqueer,164.180.195.72
2,Elayne,Jessup,ejessup1@dell.com,Agender,45.22.231.67
3,Elyse,Virgoe,evirgoe2@timesonline.co.uk,Agender,171.64.109.23
4,Smith,Caron,scaron3@utexas.edu,Genderfluid,233.56.68.94
5,Aldo,O'Tuohy,aotuohy4@craigslist.org,Male,234.145.244.97
6,Lek,Carrier,lcarrier5@cnn.com,Female,94.227.197.124
7,Krishnah,Wintringham,kwintringham6@icq.com,Polygender,87.241.135.185
8,Bowie,Tumbridge,btumbridge7@huffingtonpost.com,Non-binary,102.143.14.67
9,Sherline,Rumin,srumin8@house.gov,Genderqueer,130.101.96.191
10,Coralyn,Beardsworth,cbeardsworth9@yelp.com,Genderfluid,73.84.245.49
11,Sabine,Adds,saddsa@goo.ne.jp,Genderqueer,69.140.77.68
12,Lannie,Humpherston,lhumpherstonb@patch.com,Polygender,171.164.10.78
13,Anatollo,Emanuel,aemanuelc@prlog.org,Female,119.62.213.133
14,Monti,Lyokhin,mlyokhind@liveinternet.ru,Genderfluid,86.221.110.2
15,Jedediah,Brownsworth,jbrownsworthe@dyndns.org,Female,149.34.239.34
16,Puff,Venable,pvenablef@stumbleupon.com,Agender,191.222.76.238
17,Jimmy,Ceaser,jceaserg@github.com,Polygender,196.194.29.208
18,Forster,Chatel,fchatelh@360.cn,Polygender,119.2.143.116
19,Giffer,Simonutti,gsimonuttii@prnewswire.com,Agender,157.98.249.58
20,Cory,Glyne,cglynej@bigcartel.com,Agender,58.31.103.180
21,Cecilius,Wiffler,cwifflerk@slashdot.org,Agender,114.166.19.83
22,Sunny,Francillo,sfrancillol@simplemachines.org,Bigender,58.26.211.148
23,Flss,Glazebrook,fglazebrookm@addtoany.com,Bigender,90.102.28.48
24,Keely,Sandiford,ksandifordn@ocn.ne.jp,Bigender,229.117.8.207
25,Mozes,Feldharker,mfeldharkero@harvard.edu,Male,111.118.189.248
26,Cletis,Henken,chenkenp@usnews.com,Polygender,249.173.80.140
27,Selina,Ducroe,sducroeq@last.fm,Non-binary,233.55.15.58
28,Vikki,Raunds,vraundsr@eepurl.com,Agender,188.191.81.114
29,Ronald,Berthel,rberthels@nba.com,Non-binary,65.12.140.91
30,Germayne,Sanches,gsanchest@linkedin.com,Female,180.205.207.181
31,Pat,Gribbin,pgribbinu@latimes.com,Agender,252.123.53.24
32,Erina,Wikey,ewikeyv@hubpages.com,Female,11.246.101.44
33,Pattin,Fitzackerley,pfitzackerleyw@amazon.co.jp,Male,0.242.226.113
34,Arie,MacGill,amacgillx@berkeley.edu,Polygender,255.35.30.29
35,Yolande,Player,yplayery@nba.com,Polygender,178.106.66.169
36,Vincent,Ragat,vragatz@ibm.com,Genderqueer,234.194.179.176
37,Marie-jeanne,Ramelet,mramelet10@nsw.gov.au,Non-binary,39.173.157.150
38,Gaile,Hakey,ghakey11@goodreads.com,Agender,104.45.151.147
39,Granthem,Horley,ghorley12@desdev.cn,Bigender,173.47.128.118
40,Euphemia,Leathart,eleathart13@indiatimes.com,Genderfluid,159.26.139.172
41,Leupold,Delve,ldelve14@linkedin.com,Male,38.99.137.1
42,Andriana,Jacson,ajacson15@instagram.com,Male,33.187.108.216
43,Paige,Thow,pthow16@slideshare.net,Female,214.9.160.37
44,Sophie,McIlwreath,smcilwreath17@biglobe.ne.jp,Genderqueer,93.85.142.23
45,Burton,Matyashev,bmatyashev18@imgur.com,Genderfluid,4.247.250.158
46,Teador,MacAlroy,tmacalroy19@seesaa.net,Bigender,26.83.171.248
47,Jonas,McAlees,jmcalees1a@hubpages.com,Non-binary,207.184.214.238
48,Deanna,McGeachey,dmcgeachey1b@4shared.com,Agender,75.118.147.145
49,Mathe,Tullot,mtullot1c@wikispaces.com,Polygender,37.1.11.225
50,Haleigh,Glasscoo,hglasscoo1d@devhub.com,Bigender,216.60.190.41
51,Hermon,Flahive,hflahive1e@walmart.com,Polygender,47.221.84.119
52,Laryssa,Wotherspoon,lwotherspoon1f@noaa.gov,Female,236.161.58.187
53,Reggi,Goudy,rgoudy1g@msu.edu,Non-binary,71.222.197.189
54,Brittni,Hartropp,bhartropp1h@seesaa.net,Genderqueer,248.206.153.48
55,Rosabella,Connue,rconnue1i@list-manage.com,Non-binary,207.119.64.223
56,Dukey,Fucher,dfucher1j@loc.gov,Non-binary,100.83.48.207
57,Hope,Ismay,hismay1k@mozilla.com,Female,234.88.61.159
58,Madella,Lowseley,mlowseley1l@intel.com,Bigender,226.199.57.184
59,Delilah,Marfell,dmarfell1m@marriott.com,Non-binary,29.126.164.192
60,Reagen,Norville,rnorville1n@weather.com,Polygender,230.252.191.68
61,Jethro,Tosdevin,jtosdevin1o@domainmarket.com,Genderfluid,28.35.225.129
62,Calv,Mayoh,cmayoh1p@cdc.gov,Genderfluid,227.101.38.216
63,Georgeanne,Jantet,gjantet1q@wikispaces.com,Bigender,83.209.88.134
64,Pandora,Synnott,psynnott1r@digg.com,Bigender,197.49.223.142
65,Kyle,Woodwind,kwoodwind1s@printfriendly.com,Agender,236.94.191.25
66,Beverie,Fishwick,bfishwick1t@vistaprint.com,Genderfluid,203.230.148.150
67,Chrissie,Rebeiro,crebeiro1u@histats.com,Male,214.35.160.245
68,Dannye,Sayers,dsayers1v@boston.com,Polygender,240.141.241.174
69,Mamie,Peacop,mpeacop1w@mac.com,Bigender,11.88.217.138
70,Alfred,Quinnelly,aquinnelly1x@weather.com,Non-binary,82.230.123.14
71,Lutero,Giraudot,lgiraudot1y@photobucket.com,Male,48.136.203.29
72,Felic,Lilley,flilley1z@rakuten.co.jp,Polygender,109.144.145.111
73,Janeen,Frisby,jfrisby20@newyorker.com,Female,172.8.51.101
74,Rana,Getch,rgetch21@theguardian.com,Bigender,165.26.82.198
75,Corabelle,Bartozzi,cbartozzi22@wikipedia.org,Non-binary,245.81.49.100
76,Karol,Retallick,kretallick23@dagondesign.com,Non-binary,2.236.0.126
77,Yance,Schulke,yschulke24@earthlink.net,Genderqueer,8.124.177.10
78,Nathanial,Bowcock,nbowcock25@dailymail.co.uk,Agender,208.248.196.41
79,Samara,Ziemens,sziemens26@yahoo.co.jp,Polygender,62.144.231.10
80,Der,Hapgood,dhapgood27@nhs.uk,Polygender,21.241.118.96
81,Frederigo,Gasson,fgasson28@prnewswire.com,Bigender,2.213.8.79
82,Moore,Kenforth,mkenforth29@walmart.com,Female,233.81.138.127
83,Charmaine,Cowherd,ccowherd2a@imdb.com,Agender,69.86.111.62
84,Padget,Longhorn,plonghorn2b@nyu.edu,Male,255.66.153.208
85,Garv,Gibbieson,ggibbieson2c@cpanel.net,Genderfluid,227.120.107.241
86,Kial,Cato,kcato2d@soup.io,Non-binary,79.221.59.236
87,Beatrix,Code,bcode2e@irs.gov,Agender,137.254.139.173
88,Zack,Kidby,zkidby2f@spiegel.de,Bigender,81.186.176.32
89,Loria,Franken,lfranken2g@purevolume.com,Male,17.45.237.42
90,Lauren,Lundy,llundy2h@miitbeian.gov.cn,Polygender,16.83.232.54
91,Timothee,Southouse,tsouthouse2i@examiner.com,Male,87.119.94.154
92,Christiano,Edsell,cedsell2j@si.edu,Non-binary,212.118.121.157
93,Sigismondo,Buzine,sbuzine2k@patch.com,Male,96.209.158.34
94,Kaitlin,Coultard,kcoultard2l@soup.io,Genderfluid,46.16.239.72
95,Liana,Melhuish,lmelhuish2m@earthlink.net,Polygender,96.163.219.126
96,Mirabelle,Beggin,mbeggin2n@gov.uk,Female,51.44.34.174
97,Murielle,McClunaghan,mmcclunaghan2o@ameblo.jp,Bigender,0.78.131.80
98,Amy,Whitehall,awhitehall2p@mozilla.com,Male,69.193.1.69
99,Jo-anne,Caseley,jcaseley2q@theatlantic.com,Non-binary,210.189.138.167
100,Moshe,Pilbury,mpilbury2r@ted.com,Male,162.159.197.140
101,Adeline,Puden,apuden2s@a8.net,Female,32.69.184.241
102,Gaylord,Marcus,gmarcus2t@bbc.co.uk,Genderqueer,96.133.217.9
103,Kessia,Oppy,koppy2u@harvard.edu,Bigender,193.118.153.20
104,Curry,Macci,cmacci2v@imdb.com,Agender,21.70.104.48
105,Lesli,McQuilkin,lmcquilkin2w@mail.ru,Genderqueer,83.57.90.199
106,Cherry,Acome,cacome2x@harvard.edu,Female,207.100.118.16
107,Trudi,Riddiough,triddiough2y@toplist.cz,Agender,200.197.46.161
108,Bibi,Quayle,bquayle2z@guardian.co.uk,Genderfluid,197.34.60.11
109,Evonne,Graybeal,egraybeal30@mediafire.com,Agender,208.96.30.150
110,Arthur,Barbe,abarbe31@tinypic.com,Genderfluid,242.225.145.33
111,Samuele,Ellins,sellins32@php.net,Polygender,146.248.94.109
112,Karee,Gwyther,kgwyther33@reference.com,Male,27.73.180.207
113,Jasper,Annesley,jannesley34@printfriendly.com,Female,74.167.159.40
114,Gery,Stot,gstot35@comsenz.com,Female,104.212.27.33
115,Karlie,Tomlinson,ktomlinson36@uiuc.edu,Agender,45.155.79.228
116,Ernestus,Camillo,ecamillo37@craigslist.org,Genderqueer,75.114.75.50
117,Dale,Parmiter,dparmiter38@google.ru,Male,139.156.153.21
118,Ruttger,Cocke,rcocke39@sbwire.com,Female,184.61.129.177
119,Douglas,Strood,dstrood3a@infoseek.co.jp,Male,93.50.197.230
120,Antone,Fussie,afussie3b@walmart.com,Female,248.175.156.189
121,Archie,Terry,aterry3c@list-manage.com,Genderqueer,168.136.131.84
122,Siegfried,Kleehuhler,skleehuhler3d@eepurl.com,Agender,26.109.158.184
123,Pattin,Hadenton,phadenton3e@360.cn,Genderfluid,35.213.32.167
124,Washington,Phethean,wphethean3f@twitpic.com,Agender,148.169.211.235
125,Angelo,Ginnelly,aginnelly3g@nationalgeographic.com,Bigender,6.112.27.35
126,Rodger,Galey,rgaley3h@cmu.edu,Agender,26.230.191.157
127,Shae,Foddy,sfoddy3i@abc.net.au,Genderqueer,151.237.24.10
128,Odessa,Spirit,ospirit3j@google.ru,Male,36.98.107.90
129,Pippy,Heater,pheater3k@amazon.co.uk,Genderfluid,74.182.39.138
130,Tammie,Tyndall,ttyndall3l@hp.com,Genderfluid,56.210.62.232
131,Eugenie,Tutchell,etutchell3m@constantcontact.com,Agender,72.105.186.20
132,Latashia,Simonutti,lsimonutti3n@wunderground.com,Female,25.92.218.163
133,Sheelah,Cotesford,scotesford3o@ning.com,Bigender,39.170.45.106
134,Esteban,Redshaw,eredshaw3p@i2i.jp,Bigender,242.3.194.38
135,Carie,Faunch,cfaunch3q@rediff.com,Non-binary,35.107.47.80
136,Scott,Vedyashkin,svedyashkin3r@lulu.com,Non-binary,122.59.219.2
137,Fee,Barrett,fbarrett3s@who.int,Male,102.104.125.122
138,Broderick,Dericot,bdericot3t@sbwire.com,Genderqueer,5.238.221.211
139,Vincent,Scraggs,vscraggs3u@umich.edu,Polygender,60.11.159.119
140,Giacinta,Dring,gdring3v@google.de,Bigender,82.134.146.182
141,Gabbie,Dagger,gdagger3w@exblog.jp,Male,69.249.242.97
142,Martha,Brumham,mbrumham3x@goo.gl,Bigender,227.17.224.159
143,Merwin,Demaine,mdemaine3y@is.gd,Female,6.146.173.93
144,Peria,Bunner,pbunner3z@sun.com,Agender,228.3.151.175
145,Fredelia,Mouget,fmouget40@posterous.com,Bigender,199.135.152.19
146,Nicol,Bener,nbener41@columbia.edu,Bigender,21.103.203.45
147,Ciel,Cocks,ccocks42@un.org,Agender,152.245.137.37
148,Claudine,Bareham,cbareham43@pbs.org,Bigender,179.6.124.116
149,Brandon,Cowthart,bcowthart44@washington.edu,Bigender,6.229.176.123
150,Silva,Anshell,sanshell45@discuz.net,Genderqueer,229.155.168.196
151,Manfred,Keller,mkeller46@nih.gov,Genderqueer,87.67.170.209
152,Aguie,MacCurley,amaccurley47@edublogs.org,Agender,207.65.246.87
153,Loren,Murfett,lmurfett48@sogou.com,Non-binary,145.201.83.184
154,Ysabel,Haffner,yhaffner49@godaddy.com,Agender,138.142.151.30
155,Minnaminnie,Patrone,mpatrone4a@eventbrite.com,Agender,90.97.250.228
156,Joeann,Hindsberg,jhindsberg4b@yellowbook.com,Genderfluid,207.146.206.81
157,Shelba,Carbert,scarbert4c@ning.com,Non-binary,231.18.43.12
158,Jo,Belfrage,jbelfrage4d@blogspot.com,Agender,182.4.195.49
159,Ingaborg,Arons,iarons4e@so-net.ne.jp,Non-binary,176.57.24.161
160,Corri,Gemlbett,cgemlbett4f@wiley.com,Male,51.205.221.95
161,Kirsti,Sugars,ksugars4g@indiatimes.com,Genderfluid,112.23.15.33
162,Starlin,Pellissier,spellissier4h@hibu.com,Genderfluid,227.249.87.110
163,Monique,Cotman,mcotman4i@cyberchimps.com,Non-binary,219.184.174.53
164,Juana,Lyptrade,jlyptrade4j@mac.com,Agender,74.10.133.21
165,Genia,Jakoubek,gjakoubek4k@canalblog.com,Agender,6.49.80.6
166,Coop,Cornelleau,ccornelleau4l@dion.ne.jp,Non-binary,142.175.178.151
167,Jack,Jorcke,jjorcke4m@arizona.edu,Agender,74.216.249.19
168,Stacee,Laver,slaver4n@cdc.gov,Bigender,26.128.139.136
169,Andriette,Stavers,astavers4o@cafepress.com,Polygender,178.170.9.76
170,Sheff,Stachini,sstachini4p@cafepress.com,Female,75.249.138.170
171,Jacinta,Gioan,jgioan4q@gov.uk,Non-binary,12.98.137.77
172,Maudie,Blazejewski,mblazejewski4r@google.ca,Male,229.233.12.166
173,Bevon,Barkess,bbarkess4s@fc2.com,Agender,105.66.135.85
174,Ketti,Rumsby,krumsby4t@g.co,Male,12.126.153.133
175,Vittoria,Sarfat,vsarfat4u@ox.ac.uk,Genderqueer,8.196.156.221
176,Claresta,Wedlake,cwedlake4v@tamu.edu,Non-binary,19.17.80.203
177,Billy,Rickaert,brickaert4w@sitemeter.com,Non-binary,165.93.163.19
178,Odelle,McDougald,omcdougald4x@slideshare.net,Polygender,163.76.254.1
179,Stafani,Baversor,sbaversor4y@quantcast.com,Genderfluid,38.50.35.39
180,Mycah,Da Costa,mdacosta4z@cam.ac.uk,Bigender,232.165.205.39
181,Nelli,Winscomb,nwinscomb50@nationalgeographic.com,Female,6.211.242.146
182,Lindsey,Aloway,laloway51@51.la,Bigender,108.141.130.162
183,Horatia,Sealove,hsealove52@liveinternet.ru,Bigender,172.67.214.116
184,Thibaud,Torrans,ttorrans53@blinklist.com,Polygender,198.210.223.209
185,Price,Kenewell,pkenewell54@over-blog.com,Genderqueer,37.242.108.175
186,Inessa,Lote,ilote55@prweb.com,Polygender,123.158.165.5
187,Cynthie,Saker,csaker56@a8.net,Agender,167.114.214.241
188,Trumaine,Buffham,tbuffham57@liveinternet.ru,Genderqueer,156.237.213.97
189,Byrom,Cookson,bcookson58@google.co.jp,Polygender,208.125.95.243
190,Daryl,McArthur,dmcarthur59@biglobe.ne.jp,Female,174.112.70.90
191,Zahara,McCooke,zmccooke5a@artisteer.com,Bigender,98.109.91.241
192,Violante,Pollitt,vpollitt5b@chicagotribune.com,Non-binary,117.120.134.129
193,Gennie,Zettoi,gzettoi5c@ebay.co.uk,Polygender,150.228.210.101
194,Artair,Lantiff,alantiff5d@zdnet.com,Male,215.223.234.198
195,Erick,Calcutt,ecalcutt5e@trellian.com,Male,126.217.60.76
196,Dulsea,Stuehmeier,dstuehmeier5f@discuz.net,Genderfluid,47.100.244.243
197,Corina,MacLice,cmaclice5g@tinypic.com,Female,178.80.234.152
198,Tommi,Sallows,tsallows5h@ustream.tv,Bigender,110.218.171.39
199,Walton,Lafford,wlafford5i@histats.com,Genderfluid,203.116.1.105
200,Clarice,Corp,ccorp5j@a8.net,Genderqueer,40.177.114.231
201,Jaclyn,Lewisham,jlewisham5k@miibeian.gov.cn,Genderqueer,59.60.162.183
202,Othello,Mannagh,omannagh5l@cisco.com,Female,34.244.127.154
203,Idaline,Maes,imaes5m@linkedin.com,Genderfluid,94.112.158.7
204,Lotty,Guillard,lguillard5n@com.com,Non-binary,218.199.4.102
205,Sebastiano,McGlaughn,smcglaughn5o@wordpress.com,Genderqueer,21.53.214.49
206,Niles,Charrisson,ncharrisson5p@usda.gov,Genderfluid,74.1.17.130
207,Wolfie,Marskell,wmarskell5q@sakura.ne.jp,Male,203.242.150.163
208,Issy,Harsent,iharsent5r@answers.com,Agender,174.255.158.13
209,Linnell,Shattock,lshattock5s@wufoo.com,Female,151.135.19.59
210,Lexis,Tremlett,ltremlett5t@amazon.co.jp,Genderqueer,243.122.19.130
211,Kassia,Bangiard,kbangiard5u@nps.gov,Genderqueer,168.67.202.87
212,Larissa,Labet,llabet5v@mayoclinic.com,Genderfluid,251.162.168.68
213,Theressa,Brocking,tbrocking5w@house.gov,Polygender,47.130.141.123
214,Robena,Scoffins,rscoffins5x@rakuten.co.jp,Male,156.229.21.46
215,Frasier,Rake,frake5y@microsoft.com,Agender,98.129.69.194
216,Arlyn,Eyles,aeyles5z@google.ru,Bigender,237.22.117.51
217,Sergio,Kellen,skellen60@vinaora.com,Genderfluid,214.122.49.98
218,Nicoline,Weller,nweller61@bizjournals.com,Male,23.59.165.192
219,Star,McKevin,smckevin62@163.com,Bigender,9.206.64.200
220,Tatiana,Small,tsmall63@auda.org.au,Male,203.16.6.56
221,Arabelle,Siddall,asiddall64@theatlantic.com,Male,78.27.45.43
222,Leshia,Pentin,lpentin65@state.tx.us,Non-binary,34.149.119.140
223,Tresa,Perot,tperot66@imgur.com,Genderqueer,253.204.141.201
224,Corrianne,Witard,cwitard67@stanford.edu,Non-binary,39.0.96.53
225,Nikoletta,Minshaw,nminshaw68@jigsy.com,Bigender,181.218.125.180
226,Sioux,Heindrick,sheindrick69@yale.edu,Agender,243.47.171.146
227,Magnum,Leate,mleate6a@un.org,Bigender,45.53.236.133
228,Ashbey,Kunes,akunes6b@hao123.com,Male,214.73.62.122
229,Samara,Weatherill,sweatherill6c@themeforest.net,Genderfluid,216.129.104.47
230,Arman,Olner,aolner6d@mediafire.com,Female,242.248.104.82
231,Paulina,Harrisson,pharrisson6e@posterous.com,Polygender,10.79.222.84
232,Wren,Babin,wbabin6f@github.com,Genderqueer,61.67.124.51
233,Lanette,Ferrey,lferrey6g@ask.com,Female,245.164.21.71
234,Shauna,Huot,shuot6h@house.gov,Genderfluid,94.150.156.147
235,Ricki,Carlisi,rcarlisi6i@godaddy.com,Non-binary,111.138.102.55
236,Raymond,Hindge,rhindge6j@fc2.com,Bigender,171.61.191.126
237,Abrahan,Arton,aarton6k@chicagotribune.com,Bigender,133.54.132.200
238,Patrizio,Droogan,pdroogan6l@ted.com,Bigender,242.17.41.238
239,Teddi,Penburton,tpenburton6m@delicious.com,Polygender,207.230.118.236
240,Helli,Noblet,hnoblet6n@fc2.com,Female,152.104.3.192
241,Alisa,Slora,aslora6o@cbsnews.com,Agender,4.201.11.98
242,Andi,Bonsey,abonsey6p@nature.com,Bigender,60.101.67.16
243,Padgett,Ramberg,pramberg6q@paypal.com,Genderfluid,216.208.55.26
244,Rosaline,Danet,rdanet6r@dion.ne.jp,Genderqueer,91.149.64.238
245,Rivy,Stanlack,rstanlack6s@noaa.gov,Non-binary,119.92.169.194
246,Madeline,Almond,malmond6t@netvibes.com,Genderqueer,143.100.8.114
247,Maurise,Fri,mfri6u@telegraph.co.uk,Genderqueer,197.98.27.39
248,Gracia,McHaffy,gmchaffy6v@harvard.edu,Male,147.22.137.60
249,Nealy,Agneau,nagneau6w@usnews.com,Genderfluid,118.141.145.154
250,Hermon,Seneschal,hseneschal6x@shop-pro.jp,Genderqueer,23.174.174.95
251,Blanch,Kemson,bkemson6y@cnbc.com,Female,234.54.105.76
252,Brent,Gleder,bgleder6z@reverbnation.com,Genderfluid,157.119.41.21
253,Athene,Gregoriou,agregoriou70@pagesperso-orange.fr,Agender,10.119.216.17
254,Joella,Elliff,jelliff71@hatena.ne.jp,Bigender,138.216.92.148
255,Blythe,Lobell,blobell72@sbwire.com,Genderfluid,195.85.110.191
256,Ty,Marklin,tmarklin73@spiegel.de,Female,67.219.1.169
257,Bree,Popplewell,bpopplewell74@dropbox.com,Genderqueer,105.136.75.251
258,Steve,Ganter,sganter75@globo.com,Genderqueer,191.81.103.209
259,Kipp,Grigorushkin,kgrigorushkin76@over-blog.com,Male,27.166.23.16
260,Martie,Galvan,mgalvan77@smugmug.com,Female,74.124.198.202
261,Hubey,Goulborne,hgoulborne78@google.cn,Polygender,189.226.183.127
262,Farlee,Milmoe,fmilmoe79@smugmug.com,Polygender,46.93.17.100
263,Giraud,Tire,gtire7a@clickbank.net,Female,90.77.36.196
264,Fleming,Medforth,fmedforth7b@lycos.com,Genderfluid,101.219.99.78
265,Morly,Moscon,mmoscon7c@bandcamp.com,Genderqueer,160.222.149.163
266,Baxter,Grout,bgrout7d@intel.com,Bigender,221.141.113.253
267,Gerta,Pickthorne,gpickthorne7e@linkedin.com,Male,116.0.242.33
268,Danit,Ellicock,dellicock7f@ovh.net,Polygender,47.234.247.245
269,Christyna,Hastler,chastler7g@dmoz.org,Non-binary,177.59.27.138
270,Corry,Agett,cagett7h@cocolog-nifty.com,Female,1.71.226.226
271,Sher,Totterdell,stotterdell7i@webeden.co.uk,Bigender,36.203.253.213
272,Cristian,Godspeede,cgodspeede7j@ask.com,Male,82.70.249.193
273,Salvatore,Steen,ssteen7k@netlog.com,Genderqueer,197.48.44.83
274,Valerye,Kiddell,vkiddell7l@163.com,Female,135.17.124.226
275,Erminie,Jeandeau,ejeandeau7m@sina.com.cn,Polygender,106.60.17.244
276,Brigham,Sparhawk,bsparhawk7n@quantcast.com,Male,108.83.245.152
277,Sophie,Pawlyn,spawlyn7o@github.com,Genderfluid,245.165.147.119
278,Mady,Hunnawill,mhunnawill7p@reverbnation.com,Agender,98.95.91.28
279,Marys,Backhouse,mbackhouse7q@msu.edu,Male,13.161.65.188
280,Chelsae,Peyto,cpeyto7r@amazon.co.uk,Male,253.80.80.231
281,Andria,Kiehnlt,akiehnlt7s@blinklist.com,Agender,128.149.251.161
282,Guss,Chiommienti,gchiommienti7t@themeforest.net,Polygender,170.110.148.241
283,Willabella,Brazier,wbrazier7u@buzzfeed.com,Male,30.116.212.207
284,Luigi,Edlington,ledlington7v@tinypic.com,Agender,1.50.183.74
285,Karry,Hackleton,khackleton7w@aboutads.info,Genderqueer,138.3.94.236
286,Ephraim,Carrivick,ecarrivick7x@hud.gov,Male,48.87.188.16
287,Missy,Longhi,mlonghi7y@squidoo.com,Polygender,1.150.36.208
288,Ross,Keywood,rkeywood7z@xrea.com,Agender,228.91.23.79
289,Lindon,Spowart,lspowart80@vimeo.com,Non-binary,12.160.2.48
290,Emiline,Avent,eavent81@cbsnews.com,Genderfluid,118.74.3.233
291,Jewell,Longhirst,jlonghirst82@4shared.com,Genderqueer,162.186.231.191
292,Robert,Beushaw,rbeushaw83@squarespace.com,Female,56.20.47.120
293,Quentin,Surgeoner,qsurgeoner84@admin.ch,Male,167.131.9.34
294,Essa,Klees,eklees85@blogspot.com,Non-binary,192.207.212.221
295,Alethea,Hanwright,ahanwright86@tinypic.com,Agender,67.38.143.193
296,Francine,Doonican,fdoonican87@oaic.gov.au,Bigender,31.50.177.231
297,Towny,Muffin,tmuffin88@newyorker.com,Non-binary,231.205.55.193
298,Aubine,Sherrin,asherrin89@lycos.com,Polygender,1.112.232.55
299,Gilemette,Tuison,gtuison8a@jigsy.com,Bigender,136.221.95.195
300,Ethe,Tschiersch,etschiersch8b@delicious.com,Genderfluid,135.186.212.141
301,Anthony,Van Oord,avanoord8c@google.fr,Genderqueer,72.107.214.98
302,Abbott,Findley,afindley8d@twitpic.com,Agender,121.170.199.129
303,Gerta,Beacock,gbeacock8e@ycombinator.com,Bigender,140.59.158.124
304,Marwin,Sugarman,msugarman8f@freewebs.com,Agender,117.122.164.78
305,Torry,Lambrook,tlambrook8g@youtube.com,Male,43.127.247.247
306,Hilliard,Tipping,htipping8h@yahoo.co.jp,Non-binary,9.180.125.107
307,Faulkner,Frankland,ffrankland8i@cocolog-nifty.com,Agender,28.157.240.35
308,Sheelah,Kingscott,skingscott8j@digg.com,Polygender,159.155.108.132
309,Jamie,Vogel,jvogel8k@free.fr,Agender,99.121.113.169
310,Vickie,Alvarado,valvarado8l@omniture.com,Polygender,72.236.53.92
311,Julieta,Streatfeild,jstreatfeild8m@tmall.com,Agender,239.147.32.78
312,Sonnnie,Rylatt,srylatt8n@slideshare.net,Female,49.80.17.217
313,Vida,Benbow,vbenbow8o@guardian.co.uk,Bigender,23.145.116.102
314,Steffen,Rawstorne,srawstorne8p@pagesperso-orange.fr,Genderqueer,97.248.205.13
315,Raquela,Hodgets,rhodgets8q@squidoo.com,Genderqueer,208.95.88.239
316,Joelle,Bavester,jbavester8r@jalbum.net,Female,150.78.228.114
317,Les,Libby,llibby8s@biglobe.ne.jp,Genderqueer,188.173.235.249
318,Guglielma,Chomicki,gchomicki8t@google.co.jp,Genderqueer,114.1.241.255
319,Hodge,Ickovic,hickovic8u@cpanel.net,Bigender,89.223.160.217
320,Karna,Henriksson,khenriksson8v@topsy.com,Non-binary,173.176.98.234
321,Hallsy,Brager,hbrager8w@com.com,Male,20.1.138.53
322,Lynea,Gerbi,lgerbi8x@bravesites.com,Polygender,5.243.21.127
323,Roosevelt,Zammett,rzammett8y@tripod.com,Genderfluid,46.143.20.244
324,Amalle,Ingreda,aingreda8z@infoseek.co.jp,Male,185.110.90.42
325,Nara,Brinicombe,nbrinicombe90@gmpg.org,Female,37.248.3.31
326,Jarrod,Bouttell,jbouttell91@weather.com,Female,214.73.118.142
327,Inge,Rosenbloom,irosenbloom92@guardian.co.uk,Bigender,147.229.70.232
328,Miranda,Milliken,mmilliken93@ucsd.edu,Female,61.172.48.161
329,Rowland,Denerley,rdenerley94@simplemachines.org,Genderqueer,54.186.234.80
330,Brianne,Niess,bniess95@sfgate.com,Genderqueer,69.116.154.113
331,Charin,Crickmore,ccrickmore96@slashdot.org,Genderfluid,172.241.145.110
332,Gilberta,Bramble,gbramble97@yellowbook.com,Bigender,90.51.37.66
333,Blondie,Yitzovicz,byitzovicz98@vinaora.com,Bigender,123.28.154.110
334,Laure,Heaps,lheaps99@blog.com,Polygender,134.232.82.75
335,Shaylyn,Laverty,slaverty9a@apple.com,Male,207.81.39.181
336,Stanislas,Redsall,sredsall9b@icio.us,Female,205.167.180.132
337,Odilia,Craighill,ocraighill9c@opera.com,Genderqueer,143.34.197.187
338,Bren,McMorran,bmcmorran9d@nih.gov,Genderqueer,197.11.38.182
339,Bruno,Mutter,bmutter9e@hatena.ne.jp,Agender,62.3.246.166
340,Rakel,Josebury,rjosebury9f@yelp.com,Agender,151.171.75.198
341,Arabele,Arger,aarger9g@elpais.com,Bigender,15.86.13.131
342,Edgar,Claricoates,eclaricoates9h@rediff.com,Male,64.22.47.127
343,Bar,Matitiaho,bmatitiaho9i@1und1.de,Genderqueer,200.55.65.40
344,Gerrard,Youthead,gyouthead9j@jimdo.com,Female,84.19.117.135
345,Zonda,Sivyour,zsivyour9k@icio.us,Polygender,47.47.1.235
346,Dorry,Travers,dtravers9l@rediff.com,Non-binary,29.50.160.242
347,Alonso,Cleeves,acleeves9m@admin.ch,Non-binary,75.123.141.165
348,Rory,Gallahar,rgallahar9n@macromedia.com,Polygender,99.171.180.92
349,Cherin,Benaine,cbenaine9o@mozilla.org,Polygender,74.82.128.2
350,Kimble,Tring,ktring9p@vistaprint.com,Genderqueer,249.122.34.20
351,Dominga,Rudman,drudman9q@uiuc.edu,Genderfluid,126.158.208.40
352,Antonio,Harlock,aharlock9r@blogspot.com,Non-binary,119.75.89.117
353,Robinett,Risely,rrisely9s@domainmarket.com,Female,120.184.201.117
354,Isaac,Foux,ifoux9t@hc360.com,Male,6.165.49.41
355,Emmott,Beglin,ebeglin9u@google.pl,Non-binary,124.214.140.45
356,Mac,Dowdam,mdowdam9v@google.nl,Genderfluid,111.239.74.113
357,Windham,Cracker,wcracker9w@ning.com,Bigender,58.88.18.118
358,Alic,Guidoni,aguidoni9x@so-net.ne.jp,Genderfluid,235.162.229.39
359,Smith,Bertenshaw,sbertenshaw9y@list-manage.com,Agender,191.204.246.181
360,Bradly,D'Alesio,bdalesio9z@opensource.org,Polygender,22.154.200.96
361,Fenelia,Mattiato,fmattiatoa0@is.gd,Male,129.195.249.118
362,Alair,Rielly,ariellya1@narod.ru,Bigender,10.211.163.61
363,Hashim,Lowcock,hlowcocka2@typepad.com,Non-binary,38.191.241.10
364,Weylin,Jearum,wjearuma3@ycombinator.com,Female,244.158.197.48
365,Vincents,Taill,vtailla4@youtube.com,Female,165.121.51.118
366,Debi,Predohl,dpredohla5@photobucket.com,Genderqueer,35.207.9.64
367,Biddy,Gatheral,bgatherala6@joomla.org,Bigender,19.1.192.155
368,Mercy,Kleinzweig,mkleinzweiga7@newyorker.com,Male,138.58.159.90
369,Kora,Gildroy,kgildroya8@reference.com,Genderqueer,33.121.106.240
370,Shelagh,Cliff,scliffa9@mozilla.com,Agender,18.83.63.232
371,Denys,Eyers,deyersaa@printfriendly.com,Male,168.235.35.171
372,Marlee,Bolley,mbolleyab@cbc.ca,Male,141.158.92.73
373,Lindy,Orme,lormeac@washington.edu,Genderqueer,89.4.151.197
374,Lorinda,Lovick,llovickad@360.cn,Genderqueer,167.64.37.65
375,Mareah,Ainsworth,mainsworthae@dell.com,Genderfluid,163.186.90.71
376,Rahel,Eite,reiteaf@bizjournals.com,Bigender,235.152.145.77
377,Pren,McAvey,pmcaveyag@cbsnews.com,Male,27.162.62.225
378,Madison,Cuesta,mcuestaah@canalblog.com,Genderqueer,150.78.221.23
379,Rhea,Rasell,rrasellai@wikispaces.com,Bigender,131.192.100.147
380,Teresina,Zupo,tzupoaj@technorati.com,Non-binary,110.118.228.122
381,Florette,Coltman,fcoltmanak@canalblog.com,Male,23.158.13.170
382,Merell,Santino,msantinoal@exblog.jp,Genderfluid,228.229.245.46
383,Dacey,Mollatt,dmollattam@chron.com,Bigender,137.18.222.91
384,Wat,Rowlson,wrowlsonan@ucla.edu,Female,133.76.124.159
385,Tedmund,Jaycox,tjaycoxao@hubpages.com,Polygender,66.27.69.22
386,Harman,Wildman,hwildmanap@symantec.com,Male,27.2.249.155
387,Abigael,Simmins,asimminsaq@clickbank.net,Agender,227.17.174.163
388,Glynnis,Elman,gelmanar@biblegateway.com,Non-binary,34.105.32.33
389,Vivyanne,Welling,vwellingas@skyrock.com,Female,213.239.221.190
390,Walliw,Robertucci,wrobertucciat@hatena.ne.jp,Male,157.37.87.197
391,Doti,Cruce,dcruceau@patch.com,Agender,148.141.106.119
392,Lindie,Snoden,lsnodenav@java.com,Female,243.144.147.48
393,Mahmoud,Cleft,mcleftaw@addtoany.com,Polygender,180.60.210.164
394,Shamus,Hagyard,shagyardax@gov.uk,Genderfluid,195.140.35.186
395,Caroline,Runnalls,crunnallsay@goo.ne.jp,Genderfluid,88.100.153.218
396,Tonnie,Jori,tjoriaz@columbia.edu,Polygender,14.101.231.207
397,Christian,Inchbald,cinchbaldb0@ucoz.com,Polygender,159.223.76.11
398,Cad,Yakushkev,cyakushkevb1@shutterfly.com,Polygender,126.182.195.115
399,Clem,Heading,cheadingb2@artisteer.com,Non-binary,134.43.84.139
400,Conney,Ingilson,cingilsonb3@dmoz.org,Agender,28.232.117.178
401,Hedwig,Duckering,hduckeringb4@freewebs.com,Agender,197.157.38.128
402,Valentine,Persence,vpersenceb5@thetimes.co.uk,Agender,26.141.212.246
403,Vallie,Yendall,vyendallb6@dmoz.org,Polygender,172.159.148.47
404,Craig,Leneve,cleneveb7@nps.gov,Polygender,173.145.43.183
405,Randall,Dunkerk,rdunkerkb8@is.gd,Non-binary,69.153.212.133
406,Aharon,Poinsett,apoinsettb9@reverbnation.com,Non-binary,164.2.222.105
407,Daveen,Keel,dkeelba@ted.com,Genderqueer,2.87.75.30
408,Lia,Arkwright,larkwrightbb@friendfeed.com,Non-binary,81.204.153.87
409,Valry,Leeuwerink,vleeuwerinkbc@ycombinator.com,Male,149.23.249.19
410,Katerina,Brosel,kbroselbd@amazon.co.uk,Non-binary,160.134.225.67
411,Fernanda,Slateford,fslatefordbe@guardian.co.uk,Bigender,152.111.190.237
412,Marie-ann,Jorck,mjorckbf@facebook.com,Non-binary,9.3.86.252
413,Charmain,Sauniere,csaunierebg@bravesites.com,Agender,49.92.164.232
414,Dorice,Mountford,dmountfordbh@google.es,Male,69.149.242.44
415,Idalina,Nendick,inendickbi@salon.com,Genderfluid,122.231.112.140
416,Xena,Gurden,xgurdenbj@bloglines.com,Genderqueer,119.127.77.62
417,Phelia,Bulfield,pbulfieldbk@cmu.edu,Male,111.171.8.209
418,Delia,Simmans,dsimmansbl@multiply.com,Female,127.57.88.180
419,Hyacinthia,Haster,hhasterbm@123-reg.co.uk,Bigender,118.121.46.134
420,Lib,Anstis,lanstisbn@dot.gov,Non-binary,193.1.87.206
421,Yasmeen,Fernyhough,yfernyhoughbo@baidu.com,Genderqueer,13.169.203.231
422,Sascha,Lindblad,slindbladbp@berkeley.edu,Male,200.89.107.91
423,Clem,Baise,cbaisebq@bloomberg.com,Bigender,190.20.174.210
424,Claudia,McClaren,cmcclarenbr@comcast.net,Non-binary,117.12.240.83
425,Terrill,Corbyn,tcorbynbs@cocolog-nifty.com,Bigender,159.231.50.159
426,Gran,McShane,gmcshanebt@technorati.com,Female,120.77.26.246
427,Milka,Annott,mannottbu@illinois.edu,Female,41.151.221.78
428,Matthias,Rubinov,mrubinovbv@smugmug.com,Agender,141.118.33.172
429,Timofei,Palatino,tpalatinobw@stumbleupon.com,Non-binary,185.166.207.67
430,Giovanni,Mechi,gmechibx@mapquest.com,Polygender,10.202.100.15
431,Felicle,Bleythin,fbleythinby@facebook.com,Non-binary,131.23.83.107
432,Almire,Easlea,aeasleabz@typepad.com,Male,212.58.244.84
433,Gerianne,Clayfield,gclayfieldc0@alexa.com,Polygender,253.97.215.5
434,Crystie,Folbigg,cfolbiggc1@deliciousdays.com,Female,173.201.131.111
435,Kristo,Curgenuer,kcurgenuerc2@gmpg.org,Non-binary,23.123.224.138
436,Levon,Jaggli,ljagglic3@rambler.ru,Agender,212.73.21.48
437,Didi,Collinette,dcollinettec4@go.com,Bigender,211.195.211.141
438,Georgie,Berkeley,gberkeleyc5@4shared.com,Agender,255.46.44.5
439,Agna,Weinberg,aweinbergc6@people.com.cn,Genderqueer,217.153.18.211
440,Ferdinande,Southern,fsouthernc7@skype.com,Genderqueer,118.178.163.24
441,Nealy,Muncer,nmuncerc8@bravesites.com,Male,215.181.190.56
442,Jean,Labb,jlabbc9@blog.com,Non-binary,175.35.24.168
443,Noni,MacTrusty,nmactrustyca@com.com,Male,211.56.241.215
444,Thibaud,Garvagh,tgarvaghcb@spiegel.de,Non-binary,75.195.13.228
445,Jasmin,Rigmand,jrigmandcc@tiny.cc,Bigender,120.242.69.142
446,Luise,Cicchelli,lcicchellicd@sciencedaily.com,Bigender,149.60.245.30
447,Heath,Piatti,hpiattice@bloglovin.com,Agender,170.55.27.76
448,Vevay,Mapes,vmapescf@wix.com,Female,168.245.61.25
449,Hattie,Beckwith,hbeckwithcg@umn.edu,Genderfluid,36.239.80.106
450,Nicolais,Croizier,ncroizierch@wikia.com,Female,61.220.102.47
451,Ermin,Vedenyapin,evedenyapinci@t-online.de,Agender,167.17.10.239
452,Jen,Orable,jorablecj@tripod.com,Genderfluid,24.197.65.144
453,Gardener,Gerrans,ggerransck@yahoo.com,Bigender,230.12.106.131
454,Humfrey,Depper,hdeppercl@cdc.gov,Genderqueer,201.194.211.145
455,Ronda,Elletson,relletsoncm@wunderground.com,Genderqueer,233.222.74.57
456,Madella,Spelman,mspelmancn@tiny.cc,Genderqueer,157.217.172.246
457,Tamas,de Nore,tdenoreco@newsvine.com,Genderfluid,135.15.231.216
458,Rudolph,Thormann,rthormanncp@blogtalkradio.com,Genderqueer,124.9.180.2
459,Heloise,Vinau,hvinaucq@cargocollective.com,Polygender,69.3.66.221
460,Alexandr,Busen,abusencr@linkedin.com,Male,176.85.152.14
461,Aindrea,Lewsie,alewsiecs@theatlantic.com,Non-binary,28.192.154.255
462,Brittne,Hazelby,bhazelbyct@home.pl,Non-binary,125.97.45.230
463,Jayne,Thorndycraft,jthorndycraftcu@wired.com,Agender,190.49.142.213
464,Dixie,Wankel,dwankelcv@alibaba.com,Genderfluid,35.83.143.22
465,Heinrik,Pidgeley,hpidgeleycw@tumblr.com,Genderqueer,0.86.51.61
466,Danyelle,Murch,dmurchcx@nature.com,Non-binary,195.15.177.84
467,Lilas,Westney,lwestneycy@tripod.com,Agender,151.177.12.202
468,Lucilia,Drewe,ldrewecz@opera.com,Female,222.47.98.64
469,Rickert,Binne,rbinned0@google.co.uk,Genderfluid,78.164.7.54
470,Otes,Selby,oselbyd1@java.com,Bigender,163.29.113.132
471,Rubi,Niesing,rniesingd2@studiopress.com,Genderfluid,24.254.27.79
472,Jorge,Coghlan,jcoghland3@weibo.com,Agender,76.21.225.131
473,Niles,Aguirrezabal,naguirrezabald4@nymag.com,Male,186.16.74.171
474,Aluin,Bilborough,abilboroughd5@weibo.com,Genderqueer,150.60.160.77
475,Katey,Rookledge,krookledged6@ezinearticles.com,Male,11.107.193.69
476,Zedekiah,Wreiford,zwreifordd7@patch.com,Polygender,54.218.229.129
477,Bat,Tupman,btupmand8@instagram.com,Genderqueer,9.209.104.185
478,Selia,Bush,sbushd9@google.co.jp,Female,21.130.161.215
479,Corine,Boeter,cboeterda@alexa.com,Genderfluid,66.206.101.76
480,Fleming,Ickeringill,fickeringilldb@csmonitor.com,Genderfluid,255.12.105.215
481,Nydia,Eastabrook,neastabrookdc@wordpress.com,Male,61.188.9.121
482,Wilma,Gavigan,wgavigandd@shinystat.com,Genderfluid,169.175.177.75
483,Griz,Filyakov,gfilyakovde@about.me,Female,129.254.203.39
484,Ferris,Allsep,fallsepdf@ibm.com,Agender,80.11.79.200
485,Claudie,Hullett,chullettdg@reddit.com,Agender,242.125.247.34
486,Alf,DelaField,adelafielddh@surveymonkey.com,Polygender,207.13.206.206
487,Tony,Mackrill,tmackrilldi@wufoo.com,Polygender,186.6.125.79
488,Vinny,Bardwall,vbardwalldj@mashable.com,Genderfluid,45.144.239.3
489,Renata,Bennet,rbennetdk@storify.com,Male,48.4.33.66
490,Hortensia,Stivers,hstiversdl@1und1.de,Bigender,65.61.53.51
491,Babb,Palffrey,bpalffreydm@angelfire.com,Polygender,227.36.186.115
492,Esteban,Hayes,ehayesdn@google.com.br,Genderqueer,253.153.19.175
493,Aline,Dunge,adungedo@seesaa.net,Genderfluid,131.26.47.137
494,Jeannie,Challis,jchallisdp@pinterest.com,Polygender,231.64.22.78
495,Duke,Trahair,dtrahairdq@mapy.cz,Male,111.29.129.90
496,Ronica,McChruiter,rmcchruiterdr@clickbank.net,Polygender,119.238.221.205
497,Perice,MacDonagh,pmacdonaghds@sphinn.com,Agender,210.224.239.171
498,Morgan,Pedro,mpedrodt@phoca.cz,Bigender,250.65.95.97
499,Tobit,McElvine,tmcelvinedu@cdc.gov,Non-binary,146.109.171.154
500,Bertie,Conen,bconendv@hibu.com,Non-binary,116.15.131.133
501,Ulrikaumeko,Simenon,usimenondw@oracle.com,Agender,61.22.246.186
502,Brigitte,Bonett,bbonettdx@newsvine.com,Bigender,227.13.20.112
503,Shoshana,Daldan,sdaldandy@weather.com,Non-binary,26.95.27.116
504,Mireielle,Harman,mharmandz@xrea.com,Female,63.99.28.151
505,Sandro,Jaffra,sjaffrae0@t-online.de,Agender,173.169.57.16
506,Virgina,Kubyszek,vkubyszeke1@indiatimes.com,Bigender,247.123.99.196
507,Sandi,Manuely,smanuelye2@seattletimes.com,Bigender,188.195.87.195
508,Myles,Hartright,mhartrighte3@globo.com,Agender,44.219.242.164
509,Ammamaria,Shotter,ashottere4@ibm.com,Non-binary,55.64.123.216
510,Austina,McCrohon,amccrohone5@jimdo.com,Genderqueer,235.243.203.47
511,Stephannie,Lothlorien,slothloriene6@ucla.edu,Genderfluid,159.49.97.104
512,Dukie,Gehrts,dgehrtse7@google.com,Genderqueer,36.20.55.247
513,Edie,Challin,echalline8@huffingtonpost.com,Genderqueer,212.117.200.95
514,Ferrel,Kerss,fkersse9@eventbrite.com,Agender,96.95.71.113
515,Noll,O'Heagertie,noheagertieea@cdbaby.com,Genderfluid,107.201.39.41
516,Krishna,Barrington,kbarringtoneb@de.vu,Non-binary,235.165.191.168
517,Natale,Asson,nassonec@google.ca,Genderfluid,137.133.14.238
518,Timmie,Measor,tmeasored@sciencedaily.com,Non-binary,59.94.103.12
519,Kathye,Bridgstock,kbridgstockee@linkedin.com,Male,165.97.239.7
520,Constanta,Antonin,cantoninef@scribd.com,Genderqueer,143.89.172.242
521,Adiana,Busby,abusbyeg@vkontakte.ru,Male,202.5.106.74
522,Packston,Hallgarth,phallgartheh@elegantthemes.com,Bigender,79.142.128.21
523,Bari,McLise,bmcliseei@infoseek.co.jp,Genderfluid,67.9.250.251
524,Lynelle,Giroldo,lgiroldoej@marketwatch.com,Agender,27.253.125.175
525,Collie,Corteis,ccorteisek@hexun.com,Bigender,197.227.203.204
526,Nickey,Llewellin,nllewellinel@nymag.com,Genderfluid,50.134.185.121
527,Konstanze,Graben,kgrabenem@usnews.com,Polygender,37.84.240.255
528,Reggy,Pykett,rpyketten@yandex.ru,Bigender,251.104.43.20
529,Sonnnie,Jickles,sjickleseo@dell.com,Female,35.188.95.126
530,Eric,Hedley,ehedleyep@shareasale.com,Agender,243.222.151.133
531,Rosemonde,Audrey,raudreyeq@wisc.edu,Polygender,69.189.27.59
532,Even,Bemlott,ebemlotter@ucoz.ru,Agender,101.36.18.229
533,Tamra,Proby,tprobyes@amazon.co.jp,Genderfluid,31.44.48.185
534,Arlena,Libreros,alibreroset@auda.org.au,Female,136.181.20.92
535,Halimeda,Botfield,hbotfieldeu@paypal.com,Female,86.145.60.84
536,Vickie,Buzek,vbuzekev@huffingtonpost.com,Polygender,169.142.111.143
537,Doro,Walles,dwallesew@indiatimes.com,Genderfluid,143.112.82.96
538,Starlin,Currin,scurrinex@disqus.com,Bigender,151.238.147.130
539,Etheline,Snooks,esnooksey@gmpg.org,Genderfluid,29.161.107.250
540,Damon,Charsley,dcharsleyez@ted.com,Genderfluid,225.250.148.76
541,Allissa,Addess,aaddessf0@t.co,Non-binary,244.235.185.164
542,Brita,Pountney,bpountneyf1@google.ca,Female,29.8.52.192
543,Meyer,Burbury,mburburyf2@omniture.com,Agender,224.6.26.230
544,Dominica,Scoggins,dscogginsf3@mapy.cz,Non-binary,80.21.255.85
545,Kath,Vatcher,kvatcherf4@booking.com,Female,66.136.164.225
546,Jeanne,Blain,jblainf5@trellian.com,Polygender,205.129.48.235
547,Chancey,Brayshaw,cbrayshawf6@gmpg.org,Female,44.227.106.45
548,Gerard,Maycey,gmayceyf7@dagondesign.com,Female,255.28.235.69
549,Justin,Buffey,jbuffeyf8@phoca.cz,Bigender,175.174.111.237
550,Ladonna,Fawdrie,lfawdrief9@exblog.jp,Polygender,88.119.205.131
551,Richardo,Benois,rbenoisfa@noaa.gov,Agender,207.245.11.103
552,Francesca,Mooring,fmooringfb@forbes.com,Non-binary,78.107.19.50
553,Sasha,Crosser,scrosserfc@psu.edu,Genderqueer,132.199.45.88
554,Arlena,Dankov,adankovfd@diigo.com,Female,52.209.243.203
555,Vachel,Plank,vplankfe@slate.com,Polygender,111.68.208.165
556,Billye,Hedin,bhedinff@utexas.edu,Bigender,135.186.202.52
557,Ches,Pettyfar,cpettyfarfg@feedburner.com,Genderfluid,110.119.156.122
558,Lynde,Rapelli,lrapellifh@geocities.com,Male,6.81.51.75
559,Towney,Miebes,tmiebesfi@instagram.com,Genderfluid,131.107.169.7
560,Gregorius,Birtle,gbirtlefj@squarespace.com,Male,62.8.29.180
561,Brendan,Downing,bdowningfk@yahoo.com,Agender,71.240.52.24
562,Melva,Masselin,mmasselinfl@clickbank.net,Polygender,63.226.214.81
563,Enrika,Espy,eespyfm@marriott.com,Genderfluid,188.129.86.201
564,Pen,McIlherran,pmcilherranfn@hibu.com,Bigender,64.98.208.245
565,Farlay,Stone Fewings,fstonefewingsfo@ebay.com,Bigender,10.88.183.209
566,Abbey,Bernucci,abernuccifp@wikia.com,Agender,235.209.180.176
567,Suellen,Cotelard,scotelardfq@technorati.com,Bigender,17.9.63.90
568,Laina,Bramwich,lbramwichfr@usnews.com,Male,159.36.84.10
569,Maurita,Covotti,mcovottifs@pen.io,Polygender,237.173.77.205
570,Dani,Shuttle,dshuttleft@google.co.uk,Genderqueer,100.28.87.236
571,Jill,Vargas,jvargasfu@blogspot.com,Genderqueer,223.10.246.158
572,Goddard,Cocklie,gcockliefv@bloglovin.com,Male,65.77.52.41
573,Clementius,Skipsey,cskipseyfw@nationalgeographic.com,Genderfluid,57.220.205.223
574,Jeniece,Hartil,jhartilfx@gmpg.org,Bigender,77.6.52.123
575,Romain,Burkman,rburkmanfy@aboutads.info,Male,225.79.228.141
576,Gilli,Terese,gteresefz@senate.gov,Genderqueer,10.234.18.116
577,Koenraad,Holhouse,kholhouseg0@symantec.com,Female,6.65.111.3
578,Sander,Guilfoyle,sguilfoyleg1@marriott.com,Non-binary,232.176.35.13
579,Tabbie,Sussans,tsussansg2@lycos.com,Genderqueer,166.244.148.54
580,Verile,Cluitt,vcluittg3@wikimedia.org,Female,16.146.71.179
581,Filberto,Synke,fsynkeg4@themeforest.net,Agender,167.218.51.134
582,Ilyssa,Hunton,ihuntong5@newyorker.com,Female,65.95.143.21
583,Rheba,Backsal,rbacksalg6@imdb.com,Agender,148.143.138.211
584,Maxie,McGaraghan,mmcgaraghang7@hatena.ne.jp,Polygender,207.188.121.110
585,Gill,Surgison,gsurgisong8@bloglovin.com,Polygender,220.30.231.141
586,Berkeley,Pittel,bpittelg9@networksolutions.com,Agender,79.17.196.117
587,Zeb,Giraudo,zgiraudoga@nationalgeographic.com,Polygender,41.248.82.114
588,Barr,Jinks,bjinksgb@who.int,Female,141.155.9.6
589,Rosanna,Koop,rkoopgc@economist.com,Agender,58.84.247.95
590,Hodge,Cristofolini,hcristofolinigd@merriam-webster.com,Female,97.150.151.249
591,Xavier,Arendt,xarendtge@plala.or.jp,Agender,159.191.71.189
592,Iosep,Yacob,iyacobgf@diigo.com,Genderfluid,227.8.28.96
593,Odille,Athow,oathowgg@dyndns.org,Genderfluid,149.84.79.102
594,Hermy,FitzGilbert,hfitzgilbertgh@guardian.co.uk,Agender,177.200.89.77
595,Alwyn,Garlette,agarlettegi@hud.gov,Genderfluid,101.208.56.174
596,Teri,McCoy,tmccoygj@statcounter.com,Bigender,187.26.62.174
597,Cayla,Linstead,clinsteadgk@meetup.com,Genderfluid,253.177.28.161
598,Margeaux,Ivasechko,mivasechkogl@shop-pro.jp,Polygender,249.226.238.201
599,Toby,Boal,tboalgm@prnewswire.com,Male,188.36.59.175
600,Robbie,Sacaze,rsacazegn@microsoft.com,Genderqueer,199.132.245.47
601,Clara,Thoday,cthodaygo@europa.eu,Non-binary,234.192.101.165
602,Templeton,Ilieve,tilievegp@edublogs.org,Genderqueer,70.107.119.14
603,Abagael,Keener,akeenergq@purevolume.com,Agender,118.99.165.159
604,Harwell,MacMechan,hmacmechangr@addthis.com,Genderfluid,150.14.22.86
605,Giulia,Mc Meekin,gmcmeekings@cdc.gov,Polygender,93.154.10.211
606,Cassondra,Green,cgreengt@linkedin.com,Male,0.85.10.162
607,Teddie,Balderstone,tbalderstonegu@pen.io,Polygender,28.84.160.148
608,Sascha,Shortcliffe,sshortcliffegv@lulu.com,Genderqueer,158.221.199.234
609,Leland,Louys,llouysgw@dion.ne.jp,Male,37.23.26.121
610,Arlene,Rigney,arigneygx@fc2.com,Male,125.54.101.193
611,Alexina,Dufaire,adufairegy@zimbio.com,Male,142.202.247.2
612,Richie,Spillard,rspillardgz@livejournal.com,Non-binary,105.189.178.217
613,Letisha,Buxcey,lbuxceyh0@disqus.com,Genderfluid,12.198.129.201
614,Odilia,Jerromes,ojerromesh1@geocities.jp,Polygender,40.119.248.220
615,Bradly,Grigoriscu,bgrigoriscuh2@businessweek.com,Female,187.140.67.173
616,Mohandas,O'Loinn,moloinnh3@icio.us,Genderfluid,72.13.1.239
617,Thorsten,Kee,tkeeh4@wordpress.org,Non-binary,138.143.149.141
618,Dalia,Cheevers,dcheeversh5@youtu.be,Genderqueer,217.39.97.84
619,Ruthanne,Chadwick,rchadwickh6@dailymotion.com,Genderfluid,171.147.82.90
620,Nelli,Gheorghescu,ngheorghescuh7@squidoo.com,Agender,197.40.158.177
621,Judas,Whittlesey,jwhittleseyh8@nationalgeographic.com,Non-binary,69.40.23.234
622,Raynor,Cleever,rcleeverh9@ucoz.com,Bigender,181.183.92.156
623,Elmore,Benediktsson,ebenediktssonha@mediafire.com,Polygender,6.186.214.157
624,Nicky,Yandle,nyandlehb@instagram.com,Bigender,153.195.176.127
625,Carmela,Tuison,ctuisonhc@prweb.com,Non-binary,100.137.143.216
626,Amalita,Skilbeck,askilbeckhd@imageshack.us,Male,236.186.21.47
627,Josias,Matthew,jmatthewhe@woothemes.com,Genderfluid,93.87.163.40
628,Saraann,Garaghan,sgaraghanhf@aboutads.info,Polygender,24.207.95.104
629,Korrie,Dysert,kdyserthg@un.org,Bigender,102.158.141.233
630,Xavier,Beardmore,xbeardmorehh@goo.ne.jp,Male,58.179.114.18
631,Maxy,Duggleby,mdugglebyhi@networksolutions.com,Non-binary,168.103.102.251
632,Sarena,Sall,ssallhj@arizona.edu,Female,131.249.97.104
633,Lammond,Djordjevic,ldjordjevichk@meetup.com,Agender,184.89.85.180
634,Darby,Inglis,dinglishl@bravesites.com,Male,4.165.247.129
635,Delmer,Beggan,dbegganhm@163.com,Female,22.216.44.248
636,Dwain,Godridge,dgodridgehn@google.pl,Agender,5.216.239.194
637,Hyacintha,Garrettson,hgarrettsonho@example.com,Genderfluid,47.106.144.230
638,Preston,Rickcord,prickcordhp@businesswire.com,Genderqueer,170.205.234.245
639,Jill,Linnard,jlinnardhq@statcounter.com,Male,239.131.247.102
640,Katalin,Sebire,ksebirehr@123-reg.co.uk,Agender,159.44.181.95
641,Kimberlyn,Beddow,kbeddowhs@prlog.org,Male,9.63.86.194
642,Michele,Cottier,mcottierht@goodreads.com,Bigender,195.82.146.20
643,Bibby,Beardshaw,bbeardshawhu@facebook.com,Male,189.68.91.65
644,Warde,Reffe,wreffehv@google.it,Non-binary,223.80.136.125
645,Neel,Haxbie,nhaxbiehw@google.fr,Non-binary,111.157.78.180
646,Katee,Vivians,kvivianshx@omniture.com,Male,242.226.230.164
647,Hector,Billing,hbillinghy@kickstarter.com,Genderqueer,76.131.36.215
648,Linnie,Iiannone,liiannonehz@geocities.com,Genderfluid,235.159.58.45
649,Rosmunda,Siely,rsielyi0@domainmarket.com,Agender,150.12.176.255
650,Obediah,Pury,opuryi1@gov.uk,Genderfluid,105.233.198.105
651,Cyrillus,Costell,ccostelli2@digg.com,Non-binary,46.10.123.91
652,Arnaldo,Bilson,abilsoni3@tinyurl.com,Bigender,20.81.238.60
653,Jen,Hutchings,jhutchingsi4@cbslocal.com,Agender,77.33.69.23
654,Morlee,Beevor,mbeevori5@scientificamerican.com,Non-binary,94.30.212.25
655,Wolfy,Rikkard,wrikkardi6@theguardian.com,Agender,171.120.44.49
656,Janene,Gartery,jgarteryi7@redcross.org,Male,124.11.237.128
657,Aristotle,Byfford,abyffordi8@wp.com,Genderfluid,23.154.104.85
658,Ferrell,Stenson,fstensoni9@liveinternet.ru,Female,249.10.124.1
659,Chlo,Pittet,cpittetia@va.gov,Male,50.26.20.248
660,Nappie,Coots,ncootsib@myspace.com,Agender,8.48.153.203
661,Vonni,Yesichev,vyesichevic@techcrunch.com,Polygender,214.20.20.196
662,Kendell,Kennermann,kkennermannid@google.com.hk,Genderqueer,60.220.143.121
663,Palmer,Bowles,pbowlesie@va.gov,Non-binary,67.235.225.222
664,Ernaline,Stickens,estickensif@topsy.com,Agender,206.14.33.251
665,Sophie,Chant,schantig@icq.com,Polygender,217.124.59.199
666,Elias,McIver,emciverih@ebay.com,Bigender,191.23.170.155
667,Milissent,Kilbee,mkilbeeii@bbc.co.uk,Agender,253.238.159.143
668,Keelia,Alkin,kalkinij@flickr.com,Female,40.237.80.27
669,Karia,Blanche,kblancheik@reference.com,Female,97.132.155.255
670,Sapphire,Benard,sbenardil@hc360.com,Polygender,77.123.145.186
671,Pansy,Tomicki,ptomickiim@sitemeter.com,Male,33.248.69.195
672,Maridel,Houliston,mhoulistonin@hao123.com,Male,93.159.133.15
673,Skipper,Zaniolini,szanioliniio@rambler.ru,Genderqueer,48.93.9.248
674,Fredrika,Gemeau,fgemeauip@ft.com,Female,98.107.16.138
675,Heall,Sweatland,hsweatlandiq@moonfruit.com,Polygender,237.153.231.161
676,Ronald,Farndon,rfarndonir@de.vu,Genderfluid,151.179.247.111
677,Ring,Sinton,rsintonis@ihg.com,Male,233.143.186.90
678,Egor,Sallier,esallierit@virginia.edu,Female,133.172.212.56
679,Terrie,Misken,tmiskeniu@europa.eu,Male,191.139.38.218
680,Fidel,Diack,fdiackiv@liveinternet.ru,Male,160.88.116.207
681,Onfroi,Fullick,ofullickiw@cbslocal.com,Genderqueer,11.125.58.232
682,Chrotoem,Purver,cpurverix@xinhuanet.com,Non-binary,143.195.231.79
683,Orsola,Bonsall,obonsalliy@cocolog-nifty.com,Non-binary,155.241.183.100
684,Alistair,Jaffray,ajaffrayiz@tmall.com,Polygender,142.182.254.77
685,Winfield,Iliffe,wiliffej0@reference.com,Male,218.158.221.197
686,Valle,Ferrea,vferreaj1@scribd.com,Polygender,125.226.107.196
687,Darius,Woollam,dwoollamj2@cyberchimps.com,Genderqueer,195.70.131.67
688,Janel,Charlotte,jcharlottej3@dailymail.co.uk,Non-binary,18.38.175.141
689,Ingar,Chesterman,ichestermanj4@noaa.gov,Polygender,205.109.81.223
690,Melissa,Richardes,mrichardesj5@sbwire.com,Agender,15.245.0.153
691,Derron,Zimek,dzimekj6@jiathis.com,Genderqueer,165.210.232.133
692,Henrietta,Lupson,hlupsonj7@51.la,Male,226.8.140.224
693,Haily,Trembath,htrembathj8@gnu.org,Genderqueer,58.167.147.90
694,Laurel,Mattiuzzi,lmattiuzzij9@aboutads.info,Non-binary,203.192.105.0
695,Norby,Cadreman,ncadremanja@shutterfly.com,Female,111.206.85.7
696,Weylin,Bolton,wboltonjb@washingtonpost.com,Bigender,38.232.160.149
697,Angel,Proudler,aproudlerjc@youtu.be,Female,184.224.33.101
698,Maurie,Gammill,mgammilljd@examiner.com,Male,3.12.151.202
699,Biron,Rosario,brosarioje@columbia.edu,Female,164.69.190.82
700,Warner,Hadny,whadnyjf@vinaora.com,Non-binary,59.212.71.81
701,Ophelia,Adenet,oadenetjg@wufoo.com,Female,237.75.182.171
702,Fania,Scherme,fschermejh@jiathis.com,Bigender,176.24.220.121
703,Robinetta,Prendergrass,rprendergrassji@tinypic.com,Non-binary,211.120.26.186
704,Terry,Sowray,tsowrayjj@com.com,Polygender,192.205.94.17
705,Mariele,Tamblyn,mtamblynjk@so-net.ne.jp,Genderfluid,30.247.255.39
706,Ricardo,Curme,rcurmejl@youtu.be,Non-binary,150.174.60.45
707,Zak,Bartoleyn,zbartoleynjm@home.pl,Male,133.152.151.248
708,Lorraine,Haigh,lhaighjn@independent.co.uk,Genderfluid,202.60.104.116
709,Melicent,Meddings,mmeddingsjo@bigcartel.com,Female,90.107.214.8
710,Emily,Keems,ekeemsjp@a8.net,Female,55.181.105.20
711,Lorenzo,Addenbrooke,laddenbrookejq@hhs.gov,Non-binary,159.162.66.73
712,Hendrick,Starrs,hstarrsjr@creativecommons.org,Genderqueer,2.57.51.139
713,Charmion,Dallimare,cdallimarejs@japanpost.jp,Female,65.238.92.124
714,Dorree,Comolli,dcomollijt@arstechnica.com,Polygender,19.34.249.111
715,Stepha,Ivashchenko,sivashchenkoju@ed.gov,Agender,228.47.100.69
716,Dianna,Winnard,dwinnardjv@ovh.net,Female,255.15.29.184
717,Isa,Upstone,iupstonejw@jimdo.com,Polygender,199.44.222.80
718,Rhodia,Donnellan,rdonnellanjx@icq.com,Female,33.127.89.117
719,Gwenneth,Spragg,gspraggjy@is.gd,Polygender,48.225.227.103
720,Bessy,Lutz,blutzjz@irs.gov,Genderqueer,48.211.93.146
721,Simon,Kinmond,skinmondk0@ftc.gov,Polygender,182.99.214.58
722,Chris,Barette,cbarettek1@fc2.com,Genderqueer,28.64.51.72
723,Marchelle,Holcroft,mholcroftk2@engadget.com,Non-binary,175.191.97.149
724,Shae,Yaldren,syaldrenk3@businessinsider.com,Genderqueer,80.176.43.64
725,Hymie,Cowpertwait,hcowpertwaitk4@sciencedaily.com,Male,25.204.32.252
726,Giselbert,Battrick,gbattrickk5@europa.eu,Polygender,203.120.250.168
727,Maressa,Syne,msynek6@go.com,Male,144.177.207.207
728,Niel,Batalini,nbatalinik7@diigo.com,Non-binary,91.143.69.200
729,Brittni,Chatain,bchataink8@omniture.com,Genderqueer,129.58.205.21
730,Roselle,Bloor,rbloork9@epa.gov,Non-binary,98.255.126.10
731,Gillie,Pevsner,gpevsnerka@bluehost.com,Genderqueer,189.71.62.242
732,Siobhan,Markova,smarkovakb@chicagotribune.com,Female,35.74.92.45
733,Margarethe,Westlake,mwestlakekc@xing.com,Genderfluid,201.88.217.151
734,Corilla,Woodman,cwoodmankd@prweb.com,Genderfluid,204.156.217.92
735,Niels,Ruckman,nruckmanke@rediff.com,Genderfluid,161.234.205.10
736,Alys,Cockshot,acockshotkf@webs.com,Bigender,171.198.178.34
737,Clo,Frid,cfridkg@barnesandnoble.com,Male,95.223.240.106
738,Halli,Yakuntsov,hyakuntsovkh@kickstarter.com,Genderfluid,225.38.205.57
739,Rudie,Bosche,rboscheki@chicagotribune.com,Agender,7.63.45.185
740,Bibbye,Johnstone,bjohnstonekj@sakura.ne.jp,Polygender,155.136.203.12
741,Brent,Moine,bmoinekk@fotki.com,Non-binary,215.128.205.50
742,Arel,Chipchase,achipchasekl@washington.edu,Agender,174.204.124.204
743,Shep,Simony,ssimonykm@usatoday.com,Bigender,183.34.254.241
744,Wheeler,Willison,wwillisonkn@w3.org,Genderfluid,166.57.90.35
745,Jamesy,Skeech,jskeechko@fotki.com,Polygender,195.251.131.123
746,Aeriell,Lethbridge,alethbridgekp@wordpress.com,Genderqueer,139.92.205.145
747,Tobias,Casbourne,tcasbournekq@cnbc.com,Non-binary,234.48.3.206
748,Eddie,Rannells,erannellskr@nytimes.com,Polygender,212.72.109.250
749,Brandon,Nekrews,bnekrewsks@w3.org,Bigender,143.137.156.59
750,Arny,Huscroft,ahuscroftkt@plala.or.jp,Female,81.232.53.46
751,Raphael,Simenet,rsimenetku@so-net.ne.jp,Female,100.161.109.203
752,Lezley,Rodda,lroddakv@yale.edu,Polygender,70.8.121.101
753,Letisha,Hanstock,lhanstockkw@pagesperso-orange.fr,Agender,73.29.119.150
754,Tanney,Marsy,tmarsykx@parallels.com,Genderfluid,62.202.11.58
755,Titos,Whitmore,twhitmoreky@comsenz.com,Male,93.31.228.61
756,Ave,Gustus,agustuskz@privacy.gov.au,Male,91.19.194.145
757,Alex,Fardon,afardonl0@wunderground.com,Polygender,14.159.152.250
758,Ezri,Caghy,ecaghyl1@google.com.hk,Agender,227.194.177.37
759,Andrey,O'Brogan,aobroganl2@com.com,Bigender,181.137.37.219
760,Kalvin,Derdes,kderdesl3@huffingtonpost.com,Polygender,140.32.130.170
761,Desiree,Greenrodd,dgreenroddl4@umich.edu,Genderqueer,191.69.10.176
762,Thornie,Drage,tdragel5@furl.net,Female,173.16.60.244
763,Ema,Tissier,etissierl6@blogspot.com,Bigender,113.118.45.29
764,Bill,Volette,bvolettel7@hhs.gov,Bigender,243.178.33.155
765,Carolus,Peacock,cpeacockl8@nationalgeographic.com,Female,60.213.129.46
766,Berget,Berre,bberrel9@nytimes.com,Male,39.51.181.74
767,Archibaldo,Olenichev,aolenichevla@seesaa.net,Female,186.102.36.119
768,Nessi,Tesdale,ntesdalelb@blogs.com,Male,13.245.127.245
769,Sonnie,Hexum,shexumlc@prlog.org,Polygender,141.189.113.177
770,Johnette,Blackey,jblackeyld@google.com,Male,236.58.113.181
771,Rosa,De Marchi,rdemarchile@goodreads.com,Genderfluid,84.194.203.225
772,Katti,Petrus,kpetruslf@stanford.edu,Genderfluid,154.119.29.174
773,Bran,Slobom,bslobomlg@chronoengine.com,Female,246.248.29.218
774,Ely,Patrick,epatricklh@ebay.co.uk,Agender,39.38.132.167
775,Leigh,Morena,lmorenali@nytimes.com,Bigender,52.170.95.211
776,Minor,Guirard,mguirardlj@pinterest.com,Genderqueer,3.22.244.32
777,Melva,Mac,mmaclk@admin.ch,Genderqueer,202.97.142.87
778,Haywood,Kesley,hkesleyll@myspace.com,Genderqueer,236.179.27.10
779,Georgette,Clewlow,gclewlowlm@usgs.gov,Polygender,82.8.247.138
780,Filmore,Lavrinov,flavrinovln@comsenz.com,Genderfluid,95.111.98.106
781,Fifi,Doumer,fdoumerlo@wordpress.com,Male,197.170.22.109
782,Edward,Blethin,eblethinlp@auda.org.au,Non-binary,4.76.96.251
783,Tamara,Learmouth,tlearmouthlq@zdnet.com,Agender,254.170.253.8
784,Alasdair,Menendes,amenendeslr@canalblog.com,Genderqueer,242.21.60.42
785,Corabel,Shovelin,cshovelinls@time.com,Female,4.2.216.165
786,Molly,Yakushkev,myakushkevlt@wikia.com,Non-binary,107.121.173.4
787,Frederick,Whitticks,fwhittickslu@paginegialle.it,Agender,109.232.133.79
788,Lutero,Huffy,lhuffylv@harvard.edu,Male,122.163.211.67
789,Chere,Parren,cparrenlw@economist.com,Agender,35.12.173.156
790,Anni,Grasha,agrashalx@virginia.edu,Male,4.21.181.15
791,Lucila,Yong,lyongly@vinaora.com,Female,22.227.145.228
792,Shel,McCard,smccardlz@myspace.com,Genderqueer,17.213.199.181
793,Florenza,Treweek,ftreweekm0@uol.com.br,Agender,69.154.212.227
794,Terza,Ethridge,tethridgem1@umn.edu,Female,122.127.216.167
795,Leia,Gullefant,lgullefantm2@java.com,Female,32.170.76.254
796,Barbey,Huntar,bhuntarm3@multiply.com,Non-binary,183.185.119.212
797,Margie,Isoldi,misoldim4@multiply.com,Non-binary,132.142.105.165
798,Gratia,Cuolahan,gcuolahanm5@loc.gov,Genderqueer,105.104.103.112
799,Maude,Jendrys,mjendrysm6@unicef.org,Female,218.149.186.72
800,Yuma,Warmington,ywarmingtonm7@g.co,Female,161.61.85.12
801,Cati,Brumhead,cbrumheadm8@nhs.uk,Polygender,55.1.120.113
802,Alida,Weafer,aweaferm9@flickr.com,Female,164.212.135.125
803,Jayme,Kime,jkimema@gmpg.org,Genderfluid,241.193.122.185
804,Barret,Phonix,bphonixmb@istockphoto.com,Genderfluid,212.197.79.1
805,Rafaelita,McNeely,rmcneelymc@imageshack.us,Bigender,172.117.151.50
806,Tiffi,Hurlestone,thurlestonemd@ocn.ne.jp,Non-binary,147.172.121.89
807,Danielle,Peachey,dpeacheyme@example.com,Polygender,227.68.146.142
808,Karilynn,Alliott,kalliottmf@sun.com,Agender,119.251.182.18
809,Kippy,Stopford,kstopfordmg@goo.ne.jp,Non-binary,35.62.65.155
810,Bari,Micklewright,bmicklewrightmh@si.edu,Genderqueer,4.64.120.22
811,Tedmund,Roan,troanmi@timesonline.co.uk,Male,168.63.236.0
812,Stillmann,Hamshere,shamsheremj@yellowpages.com,Genderfluid,54.69.211.26
813,Ines,Luff,iluffmk@indiatimes.com,Genderqueer,174.27.137.7
814,Emmaline,Seaton,eseatonml@issuu.com,Polygender,177.5.148.17
815,Carmon,Flounders,cfloundersmm@hostgator.com,Male,153.249.222.90
816,Darla,Beaford,dbeafordmn@toplist.cz,Non-binary,6.103.108.157
817,Willi,Sketch,wsketchmo@springer.com,Non-binary,194.135.60.75
818,Dorie,Keysel,dkeyselmp@360.cn,Genderfluid,250.214.112.215
819,Nikolia,Mulberry,nmulberrymq@weebly.com,Agender,200.197.26.95
820,Suzie,Sumpner,ssumpnermr@ucoz.ru,Genderfluid,55.169.57.91
821,Teodoor,Insley,tinsleyms@oaic.gov.au,Male,220.130.174.92
822,Brigham,Morde,bmordemt@go.com,Genderfluid,185.151.203.189
823,Micheil,Stockney,mstockneymu@japanpost.jp,Agender,131.112.2.229
824,Lilian,Langham,llanghammv@cnn.com,Polygender,230.106.34.32
825,Konrad,Swanton,kswantonmw@shinystat.com,Polygender,99.213.182.176
826,Nissa,Ivison,nivisonmx@nba.com,Agender,128.202.154.43
827,Franciska,Headington,fheadingtonmy@epa.gov,Genderfluid,244.143.84.206
828,Hilda,Onn,honnmz@amazon.co.jp,Male,81.166.237.127
829,Farrah,Janks,fjanksn0@freewebs.com,Female,2.97.4.103
830,Rosemary,Larmet,rlarmetn1@chronoengine.com,Genderqueer,32.36.204.78
831,Fonsie,Hassen,fhassenn2@ovh.net,Agender,250.214.252.53
832,Tammara,Neumann,tneumannn3@jigsy.com,Non-binary,224.210.89.69
833,Verne,Probetts,vprobettsn4@bloglovin.com,Polygender,220.132.90.188
834,Rooney,Craxford,rcraxfordn5@symantec.com,Polygender,37.213.82.129
835,Tobye,Maxworthy,tmaxworthyn6@live.com,Polygender,125.237.105.134
836,Alayne,Vivers,aviversn7@odnoklassniki.ru,Genderqueer,80.229.244.45
837,Claudio,Surgison,csurgisonn8@sohu.com,Non-binary,70.136.104.161
838,Jeddy,Sperski,jsperskin9@ft.com,Agender,193.10.190.70
839,Loralyn,Radborn,lradbornna@businesswire.com,Agender,172.66.194.92
840,Sammy,Knoton,sknotonnb@reference.com,Female,0.26.49.142
841,Claudianus,Luckings,cluckingsnc@nsw.gov.au,Genderqueer,220.96.92.108
842,Carina,Dolton,cdoltonnd@cam.ac.uk,Non-binary,180.235.79.161
843,Fidole,Marryatt,fmarryattne@tripod.com,Non-binary,190.178.30.243
844,Gran,Patriskson,gpatrisksonnf@toplist.cz,Genderfluid,174.253.74.49
845,Sapphira,Muslim,smuslimng@google.co.jp,Genderfluid,77.59.55.132
846,Riobard,Budgen,rbudgennh@cbslocal.com,Genderqueer,132.70.66.125
847,Gabriello,Luckcuck,gluckcuckni@bing.com,Non-binary,173.138.97.102
848,Eloise,Baglan,ebaglannj@fotki.com,Genderqueer,29.133.96.98
849,Berti,Willshee,bwillsheenk@google.it,Genderqueer,159.251.60.128
850,Vivienne,Gresch,vgreschnl@ehow.com,Male,204.168.227.122
851,Temple,Muro,tmuronm@php.net,Bigender,56.221.240.66
852,My,McGrann,mmcgrannnn@linkedin.com,Bigender,136.92.182.48
853,Heriberto,Walklate,hwalklateno@infoseek.co.jp,Male,124.43.22.241
854,Katinka,McCormick,kmccormicknp@alibaba.com,Agender,31.236.14.73
855,Cosetta,Waddams,cwaddamsnq@livejournal.com,Polygender,245.9.187.113
856,Alie,Atwel,aatwelnr@noaa.gov,Genderfluid,63.125.238.41
857,Valery,Brocks,vbrocksns@google.com,Genderfluid,215.201.139.211
858,Dorotea,Steer,dsteernt@fastcompany.com,Genderqueer,78.57.78.203
859,Blair,Dunbabin,bdunbabinnu@goo.ne.jp,Genderfluid,238.247.71.124
860,Dennis,Dummett,ddummettnv@blog.com,Male,111.1.66.9
861,Richard,Sterke,rsterkenw@jimdo.com,Male,152.150.84.79
862,Elianora,Lince,elincenx@examiner.com,Polygender,36.96.15.209
863,Valaria,Jandl,vjandlny@businessweek.com,Bigender,43.189.102.184
864,Feodor,Dumelow,fdumelownz@mapy.cz,Genderfluid,215.224.134.141
865,Nicholas,Lammie,nlammieo0@jugem.jp,Bigender,169.253.227.62
866,Kym,Tyrone,ktyroneo1@mit.edu,Non-binary,26.108.150.205
867,Pierette,Hampstead,phampsteado2@amazonaws.com,Bigender,251.235.86.238
868,Cody,Murrigans,cmurriganso3@umn.edu,Bigender,226.219.243.145
869,Leonard,Gooke,lgookeo4@dailymotion.com,Genderqueer,96.128.173.95
870,Gunner,Sampey,gsampeyo5@hexun.com,Female,204.147.235.99
871,Joscelin,Dulson,jdulsono6@1und1.de,Agender,236.223.82.41
872,Leilah,Orteau,lorteauo7@eventbrite.com,Non-binary,58.27.23.168
873,Gael,Normavell,gnormavello8@elpais.com,Genderfluid,243.113.102.49
874,Bailie,Powe,bpoweo9@indiatimes.com,Genderqueer,21.154.250.244
875,Birdie,Caddell,bcaddelloa@imdb.com,Bigender,16.119.82.94
876,Brodie,Cokly,bcoklyob@sciencedirect.com,Male,59.163.210.152
877,Gael,Ellwell,gellwelloc@dion.ne.jp,Non-binary,162.200.216.42
878,Cash,Windross,cwindrossod@lycos.com,Genderqueer,63.19.171.23
879,Imogene,Jillard,ijillardoe@youtube.com,Agender,174.153.188.41
880,Kahaleel,Tarbert,ktarbertof@goodreads.com,Non-binary,130.43.22.99
881,Jacquelin,Hebditch,jhebditchog@go.com,Non-binary,171.17.180.87
882,Olenka,Amies,oamiesoh@zimbio.com,Male,50.177.50.0
883,Korella,Ancliffe,kancliffeoi@wisc.edu,Non-binary,117.17.113.162
884,Adriane,Ramas,aramasoj@4shared.com,Male,55.124.157.78
885,Granthem,Creber,gcreberok@spotify.com,Male,238.93.121.108
886,Ilario,Guilayn,iguilaynol@sciencedaily.com,Male,194.90.56.6
887,Clement,Armal,carmalom@un.org,Male,121.51.176.11
888,Willabella,Gates,wgateson@hud.gov,Genderfluid,40.86.87.126
889,Misha,Vanyatin,mvanyatinoo@a8.net,Male,117.171.154.199
890,Darcie,Boothman,dboothmanop@pcworld.com,Genderqueer,236.56.20.60
891,Rollin,Park,rparkoq@symantec.com,Female,197.107.224.1
892,Dolley,Tregale,dtregaleor@zimbio.com,Bigender,36.205.106.253
893,Fifi,Enevold,fenevoldos@alibaba.com,Bigender,176.145.152.193
894,Yardley,Sarl,ysarlot@typepad.com,Genderqueer,167.209.196.93
895,Charley,Beals,cbealsou@ox.ac.uk,Genderfluid,148.0.253.40
896,Nesta,Stephens,nstephensov@china.com.cn,Polygender,219.115.81.214
897,Jeannie,Bruin,jbruinow@slate.com,Bigender,205.211.123.19
898,Tanhya,Regis,tregisox@hc360.com,Genderfluid,149.202.44.109
899,Aristotle,Whoolehan,awhoolehanoy@tumblr.com,Bigender,38.232.15.0
900,Gun,Harverson,gharversonoz@kickstarter.com,Female,84.94.213.251
901,Hubert,Cawsby,hcawsbyp0@washingtonpost.com,Agender,47.147.62.60
902,Avie,Dillinger,adillingerp1@uol.com.br,Non-binary,98.155.32.240
903,De witt,Terren,dterrenp2@wunderground.com,Male,66.43.46.185
904,Benny,Faithfull,bfaithfullp3@eventbrite.com,Genderfluid,185.154.103.135
905,Noe,Chevis,nchevisp4@soup.io,Female,219.82.16.57
906,Dre,Loddon,dloddonp5@live.com,Polygender,145.108.238.90
907,Meagan,Davidovicz,mdavidoviczp6@nhs.uk,Male,36.46.119.12
908,Gavan,Neillans,gneillansp7@phoca.cz,Polygender,202.7.7.121
909,Lynnelle,Megany,lmeganyp8@oracle.com,Male,187.176.130.246
910,Timothee,Fagan,tfaganp9@npr.org,Bigender,119.50.199.231
911,Kirby,Thorrington,kthorringtonpa@twitter.com,Genderqueer,97.143.27.110
912,Ly,MacMorland,lmacmorlandpb@businesswire.com,Female,3.120.105.161
913,Normy,Civitillo,ncivitillopc@seesaa.net,Agender,141.90.236.45
914,Barbara,Fabbro,bfabbropd@csmonitor.com,Agender,75.79.15.115
915,Alvira,Del Dello,adeldellope@globo.com,Bigender,231.6.86.83
916,Rab,Lempke,rlempkepf@alexa.com,Genderfluid,168.62.157.217
917,Woodman,Youhill,wyouhillpg@unc.edu,Male,253.23.131.40
918,Colette,Fargie,cfargieph@topsy.com,Genderfluid,69.230.144.157
919,Bella,Reach,breachpi@businessweek.com,Genderfluid,20.74.40.101
920,Vinni,Fitzroy,vfitzroypj@prnewswire.com,Bigender,9.53.127.216
921,Frederich,Tayspell,ftayspellpk@youtu.be,Agender,39.122.129.154
922,Ephraim,Baxandall,ebaxandallpl@mozilla.com,Non-binary,180.157.208.208
923,Else,Wisson,ewissonpm@nydailynews.com,Genderqueer,208.129.90.44
924,Alfred,Corpes,acorpespn@theglobeandmail.com,Female,26.132.95.34
925,Floria,Heineke,fheinekepo@mapquest.com,Bigender,252.69.59.228
926,Nari,Fossett,nfossettpp@woothemes.com,Genderqueer,116.81.143.235
927,Hermione,Knighton,hknightonpq@alibaba.com,Female,46.161.77.178
928,Aeriela,Patrie,apatriepr@geocities.com,Male,16.208.139.175
929,Rutledge,Jezzard,rjezzardps@admin.ch,Bigender,232.140.224.156
930,Davidson,Brisbane,dbrisbanept@accuweather.com,Female,103.138.141.107
931,Marchall,Udey,mudeypu@boston.com,Genderfluid,78.168.153.74
932,Rahal,Elms,relmspv@mapquest.com,Male,18.106.240.225
933,Crichton,Bolte,cboltepw@amazon.com,Male,79.134.211.109
934,Deanne,Dissman,ddissmanpx@vkontakte.ru,Genderqueer,229.38.189.198
935,Caresa,Brimilcombe,cbrimilcombepy@mac.com,Bigender,216.187.145.222
936,Daniella,Scalia,dscaliapz@surveymonkey.com,Bigender,186.63.75.191
937,Tresa,Prescote,tprescoteq0@biblegateway.com,Genderqueer,32.75.167.38
938,Moritz,Vales,mvalesq1@seesaa.net,Polygender,139.23.71.29
939,Merry,Grindlay,mgrindlayq2@opera.com,Genderfluid,139.141.217.239
940,Zora,Raffles,zrafflesq3@slate.com,Agender,237.82.170.154
941,Rebbecca,Pollastro,rpollastroq4@yelp.com,Non-binary,164.223.238.52
942,Andreana,Cortese,acorteseq5@t.co,Agender,91.166.223.11
943,Nadiya,Colleer,ncolleerq6@techcrunch.com,Non-binary,201.118.183.200
944,Hadrian,Hilland,hhillandq7@mail.ru,Agender,251.171.152.95
945,Conrad,Greenan,cgreenanq8@senate.gov,Genderqueer,88.159.146.227
946,Sig,Hopkins,shopkinsq9@cnbc.com,Female,134.191.218.94
947,Magda,Oherlihy,moherlihyqa@patch.com,Bigender,173.31.76.147
948,Alleen,Acklands,aacklandsqb@usa.gov,Genderfluid,118.30.176.250
949,Paulie,Losbie,plosbieqc@foxnews.com,Genderfluid,6.30.35.119
950,Roxine,Wride,rwrideqd@nature.com,Bigender,22.115.22.174
951,Juliette,Moret,jmoretqe@latimes.com,Non-binary,138.215.195.50
952,Margery,Ivankov,mivankovqf@feedburner.com,Genderfluid,255.105.235.223
953,Ram,Wellfare,rwellfareqg@independent.co.uk,Genderqueer,96.222.116.50
954,Alphard,Piecha,apiechaqh@unc.edu,Female,19.205.69.216
955,Marvin,Chong,mchongqi@paypal.com,Bigender,75.141.255.84
956,Micheil,Grigg,mgriggqj@webmd.com,Female,190.121.213.90
957,Britney,Campey,bcampeyqk@fastcompany.com,Polygender,122.5.118.122
958,Frans,Favela,ffavelaql@drupal.org,Non-binary,216.189.71.182
959,Myrtice,Bleazard,mbleazardqm@earthlink.net,Genderfluid,4.157.4.171
960,Belinda,Grosvener,bgrosvenerqn@yahoo.co.jp,Genderfluid,254.153.218.93
961,Stefanie,Dayborne,sdayborneqo@google.ca,Genderfluid,94.82.164.203
962,Jay,Purnell,jpurnellqp@homestead.com,Male,161.153.219.156
963,Mayor,McGraith,mmcgraithqq@zdnet.com,Non-binary,191.86.220.132
964,Parry,Fasse,pfasseqr@forbes.com,Genderfluid,52.51.251.105
965,Melesa,Lake,mlakeqs@yahoo.co.jp,Polygender,64.195.62.255
966,Boonie,Digger,bdiggerqt@archive.org,Male,228.194.183.51
967,Delphine,Middle,dmiddlequ@boston.com,Female,21.31.193.60
968,Alanah,Rustidge,arustidgeqv@ft.com,Genderqueer,103.16.82.182
969,Krystalle,Cristea,kcristeaqw@illinois.edu,Male,19.236.199.173
970,Dorita,Sabey,dsabeyqx@youku.com,Non-binary,135.126.139.157
971,Marni,Jurgensen,mjurgensenqy@biglobe.ne.jp,Male,113.44.240.230
972,Lisetta,Garfield,lgarfieldqz@webnode.com,Polygender,112.51.212.208
973,Karina,Burberye,kburberyer0@drupal.org,Non-binary,102.76.82.115
974,Gay,Casa,gcasar1@netscape.com,Genderqueer,149.33.6.1
975,Hal,Gentry,hgentryr2@stumbleupon.com,Genderqueer,175.182.215.94
976,Anabella,Brussell,abrussellr3@hibu.com,Non-binary,138.249.23.128
977,Maryrose,Gergolet,mgergoletr4@mtv.com,Genderfluid,226.155.111.61
978,Bartholemy,Bengal,bbengalr5@harvard.edu,Polygender,35.192.6.56
979,Worden,Lideard,wlideardr6@exblog.jp,Agender,170.185.89.7
980,Darell,Zaple,dzapler7@jalbum.net,Genderqueer,23.202.158.155
981,Cherye,Sadd,csaddr8@dailymotion.com,Non-binary,96.235.61.17
982,Annamaria,Bourhill,abourhillr9@gmpg.org,Male,84.106.189.173
983,Edita,McGaw,emcgawra@google.fr,Agender,217.61.72.149
984,Lissi,Union,lunionrb@google.com,Non-binary,82.101.65.141
985,Claudetta,Stive,cstiverc@naver.com,Bigender,156.157.5.206
986,Rica,Judkin,rjudkinrd@epa.gov,Bigender,185.108.244.178
987,Claudianus,Makinson,cmakinsonre@uol.com.br,Genderfluid,129.19.237.139
988,Tarah,Flawn,tflawnrf@plala.or.jp,Agender,103.219.4.116
989,Madlin,Watton,mwattonrg@wordpress.org,Bigender,77.191.125.84
990,Wynn,Rameaux,wrameauxrh@umn.edu,Male,39.129.141.121
991,Philippe,Edon,pedonri@cmu.edu,Genderfluid,28.99.191.233
992,Marjy,Cordaroy,mcordaroyrj@reuters.com,Genderfluid,240.223.206.118
993,Francklin,Scrine,fscrinerk@ibm.com,Genderqueer,147.39.217.135
994,Kelcy,Lassetter,klassetterrl@delicious.com,Genderqueer,5.218.125.162
995,Darrelle,McLoney,dmcloneyrm@trellian.com,Non-binary,116.235.78.79
996,Kristi,Matresse,kmatressern@w3.org,Male,136.223.79.196
997,Calvin,Shulem,cshulemro@dailymotion.com,Non-binary,195.223.49.160
998,Wesley,Cornuau,wcornuaurp@chicagotribune.com,Agender,138.126.8.199
999,Georgianna,Baugham,gbaughamrq@gnu.org,Female,152.96.183.203
1000,Sonja,Priest,spriestrr@goodreads.com,Polygender,105.171.111.197
